Jan_23_'02	The long and winding road  leads to Mesa Verde National Park	/content_53738901124	Mesa Verde National Park	/park-Parks-All-CO-Mesa_Verde_National_Park	Parks	/park-Parks-All	5.0	3	
Jan_22_'02	Magic Mountain moments	/content_53632798340	Six Flags Magic Mountain	/trvl-Family_Travel-Theme_Parks-All-Six_Flags_Magic_Mountain	Theme Parks	/trvl-Family_Travel-Theme_Parks-All	5.0	3	
Jan_16_'02	A slice of heaven.	/content_53045333636	New Zealand	/trvl-Dest-South_Pacific-New_Zealand	Destinations	/trvl-Destinations-All	5.0	3	
Jan_10_'02	A bit of a disappointment	/content_52314672772	Perfect Storm	/mvie_mu-1097762	Videos & DVDs	/mvie-Video-All	3.0	3	
Dec_27_'01	Great movie BUT my bum hurt...	/content_50765729412	The Lord of the Rings: The Fellowship of the Ring	/mvie-2001_The_Lord_of_The_Rings__The_Fellowship_of_the_Ring	In Theaters	/mvie-In-Theaters-All	5.0	2	
Dec_26_'01	A short break in Rotorua	/content_50659954308	Central North Island	/trvl-Dest-South_Pacific-New_Zealand-Central_North_Island	Destinations	/trvl-Destinations-All	5.0	3	
Dec_19_'01	Bay Plaza Hotel. Wellington	/content_50040966788	Flag Hotel Bay Plaza	/Flag_Hotel_Bay_Plaza___New_Zealand	Hotels & Resorts	/lodg-Hotels-All	3.0	3	
Dec_18_'01	Pantene took away the frizz.	/content_50004528772	Pantene Smooth & Sleek Conditioner	/beat-Hair_Care-Conditioner-All-Pantene_Smooth_Sleek_Conditioner	Conditioner	/beat-Hair_Care-Conditioner-All	3.0	2	
Dec_17_'01	Kicking the Habit	/content_2424021124	How to Quit Smoking -Tips and Tricks	/well-topic-Quit_Smoking_Tips_and_Tricks	Health	/well	na	3	
Dec_16_'01	No hassles with Dollar Rent a Car	/content_49807789700	Dollar	/trvl-Transportation-Auto_Rental-All-Dollar	Car Rental	/trvl-Transportation-Auto_Rental-All	5.0	3	
Dec_16_'01	My 'Lab Cats' Flea Treatment Experiment	/content_2389418116	Choosing the Best Flea & Tick Control	/pets-FleaControlGuide	Pets	/pets	na	3	
Dec_12_'01	Christmas in New Zealand	/content_2412683396	General Itineraries - New Zealand	/trvl-topic-Destinations-South_Pacific-General_Itineraries-New_Zealand	Hotels & Travel	/trvl	na	3	
Dec_09_'01	Where's the Harbour view?	/content_49135259268	Copthorne Anzac Avenue	/Copthorne_Anzac_Avenue___New_Zealand	Hotels & Resorts	/lodg-Hotels-All	3.0	3	
Nov_30_'01	The man is a genius!	/content_48148221572	Harvest - Neil Young	/musc_mu-158903	Music	/musc-album	5.0	3	
Nov_29_'01	Touring New Zealand------Transport Options	/content_2381815940	How To Get Around in New Zealand	/trvl-topic-Destinations-South_Pacific-Getting_Around-New_Zealand	Hotels & Travel	/trvl	na	3	
Nov_26_'01	.....just another roadside motel....	/content_2377031812	General Itineraries - The United States	/trvl-Dest-United_States-Itineraries	Hotels & Travel	/trvl	na	3	
Nov_20_'01	Poverty Bay	/content_47243038340	New Zealand	/trvl-Dest-South_Pacific-New_Zealand	Destinations	/trvl-Destinations-All	5.0	3	
Nov_20_'01	And the winner is.....	/content_2359795844	The Most Influential Pop Icon	/musc-contemp_culture_influence	Music	/musc-album	na	3	
Nov_19_'01	If you are serious about giving up......try NICOBREVIN	/content_47053835908	Nicorette Gum	/well-Addiction-Smoking_Cessation-All-Nicorette_Gum	Smoking Cessation	/well-Addiction-Smoking_Cessation-All	1.0	3	
Nov_19_'01	Better than a horse!	/content_47052263044	2001 Yamaha Kodiak Automatic 4x4	/auto-ATV-All-Yamaha-Yamaha_Kodiak_Automatic_4x4	ATVs	/auto-ATV-All	5.0	3	
Nov_18_'01	Surviving SURVIVOR: damn, it got me again.	/content_47014973060	CBS	/tele-TV_Channels-All-CBS	TV Channels	/tele-TV_Channels-All	3.0	3	
Nov_17_'01	My view of the View crew.	/content_46936067716	ABC	/tele-TV_Channels-All-ABC	TV Channels	/tele-TV_Channels-All	3.0	3	
Nov_15_'01	Stranger in a strange land.	/content_2348916868	General Itineraries - The United States	/trvl-Dest-United_States-Itineraries	Hotels & Travel	/trvl	na	3	
Nov_05_'01	Hauraki Gulf ...Aucklands playground	/content_45627903620	Auckland	/trvl-Dest-South_Pacific-New_Zealand-Auckland	Destinations	/trvl-Destinations-All	5.0	3	
Nov_02_'01	The  big smoke...	/content_45396299396	Auckland	/trvl-Dest-South_Pacific-New_Zealand-Auckland	Destinations	/trvl-Destinations-All	5.0	3	
Oct_29_'01	Cowboys and Cactus	/content_44854775428	Arizona	/trvl-Dest-United_States-Arizona	Destinations	/trvl-Destinations-All	5.0	3	
Oct_28_'01	Goodyear, Arizona	/content_44797431428	Super 8	/lodg-Accommodations-Hotel_Chains-All-Super_8	Hotels & Resorts	/lodg-Hotels-All	4.0	2	
Oct_27_'01	The last room in town	/content_44718591620	Comfort Suites Moab	/Comfort_Suites_Moab_UT_84532_United_States	Hotels & Resorts	/lodg-Hotels-All	4.0	3	
Oct_27_'01	Discounted hotel rates downunder.	/content_2286854276	General Itineraries - New Zealand	/trvl-topic-Destinations-South_Pacific-General_Itineraries-New_Zealand	Hotels & Travel	/trvl	na	2	
Oct_26_'01	The wild, wild west.	/content_44592696964	Dead Horse Point State Park	/park-Parks-All-UT-Dead_Horse_Point_State_Park	Parks	/park-Parks-All	5.0	2	
Oct_25_'01	Brisbane....Please don't feed the Ibis!	/content_2281939076	General Itineraries - Australia	/trvl-topic-Destinations-South_Pacific-General_Itineraries-Australia	Hotels & Travel	/trvl	na	3	
Oct_23_'01	...keep your eyes on the road your hands upon the wheel....	/content_44209311364	Big Sur	/trvl-Dest-United_States-California-Monterey_Big_Sur	Destinations	/trvl-Destinations-All	5.0	3	
Oct_23_'01	Lost in L.A.	/content_44119592580	Los Angeles	/trvl-Dest-United_States-California-Los_Angeles	Destinations	/trvl-Destinations-All	5.0	3	
Oct_21_'01	Avenida Revolucion	/content_43973119620	Tijuana	/trvl-Dest-North_America-Mexico-Tijuana	Destinations	/trvl-Destinations-All	1.0	3	
Oct_20_'01	hitch- hiking in Australia	/content_2265620612	How To Get Around in Australia	/trvl-topic-Destinations-South_Pacific-Getting_Around-Australia	Hotels & Travel	/trvl	na	3	
Oct_20_'01	The long way around....	/content_43804757636	Hoover Dam and Lake Mead	/trvl-Dest-United_States-Nevada-Hoover_Dam_and_Lake_Mead	Destinations	/trvl-Destinations-All	2.0	2	
Oct_19_'01	The Gold Coast	/content_43792043652	Queensland	/trvl-Dest-South_Pacific-Australia-Queensland	Destinations	/trvl-Destinations-All	5.0	3	
Oct_18_'01	Love American Style...A Las Vegas Wedding	/content_2260377732	General Itineraries - The United States	/trvl-Dest-United_States-Itineraries	Hotels & Travel	/trvl	na	3	
Oct_18_'01	The daily dose....	/content_43607428740	Soap Operas	/elec-Soap_Operas	Generic elec	/generic-elec-All	3.0	3	
Oct_13_'01	Once seen Never forgotten!	/content_43194683012	Yosemite National Park	/park-Parks-All-CA-Yosemite_National_Park	Parks	/park-Parks-All	5.0	3	
Oct_10_'01	East Cape	/content_42955083396	Bay of Plenty	/trvl-Dest-South_Pacific-New_Zealand-Bay_of_Plenty	Destinations	/trvl-Destinations-All	5.0	3	
Oct_09_'01	Hooters,  santa monica	/content_42692939396	Hooters	/rest-Chain_Restaurants-All-Hooters	Chain Restaurants	/rest-Chain_Restaurants-All	4.0	3	
Oct_06_'01	Freedom Air  (Air New Zealand's cut price option)	/content_42549481092	Air New Zealand	/trvl-Airlines-Asia_Pacific-Air_New_Zealand	Airlines	/trvl-Transportation-Airlines-All	3.0	2	
Oct_05_'01	A quick trip to the Grand Canyon...(Maswik Lodge)	/content_42536439428	Grand Canyon National Park	/park-Parks-All-AZ-Grand_Canyon_National_Park	Parks	/park-Parks-All	5.0	2	
Oct_01_'01	Dolphin Motel,  Garrison St,  Point Loma	/content_42095251076	San Diego Accommodations	/trvl-Dest-United_States-California-San_Diego-San_Diego_Accommodations	Destinations	/trvl-Destinations-All	3.0	2	
Sep_28_'01	Travelodge, Pico Boulevard, Santa Monica	/content_41912733316	Travelodge	/lodg-Accommodations-Hotel_Chains-All-Travelodge	Hotels & Resorts	/lodg-Hotels-All	3.0	3	
Sep_28_'01	48 Hours in San Francisco	/content_40409271940	San Francisco	/trvl-Dest-United_States-California-San_Francisco	Destinations	/trvl-Destinations-All	5.0	3	
Sep_26_'01	CNN, Excellent coverage when you need it.	/content_41738997380	CNN	/tele-TV_Channels-All-CNN	TV Channels	/tele-TV_Channels-All	5.0	3	
Sep_08_'01	Global home away from home	/content_40076545668	McDonald's	/rest-Chain_Restaurants-All-McDonald__s	Chain Restaurants	/rest-Chain_Restaurants-All	4.0	2	
Aug_30_'01	New Zealand, my home.	/content_38994611844	New Zealand	/trvl-Dest-South_Pacific-New_Zealand	Destinations	/trvl-Destinations-All	5.0	2	
Aug_29_'01	Wellington	/content_38983929476	Wellington	/trvl-Dest-South_Pacific-New_Zealand-Wellington	Destinations	/trvl-Destinations-All	5.0	2	
Aug_18_'01	Road trip Utah...May 2000	/content_36868820612	Utah	/trvl-Dest-United_States-Utah	Destinations	/trvl-Destinations-All	5.0	2	
Aug_16_'01	There's no place quite like Las Vegas.	/content_36447096452	Las Vegas	/trvl-Dest-United_States-Nevada-Las_Vegas	Destinations	/trvl-Destinations-All	5.0	2	
Aug_14_'01	ya' just got to love it........	/content_35043774084	California	/trvl-Dest-United_States-California	Destinations	/trvl-Destinations-All	5.0	3	
Jun_09_'01	Finger Lick'in Good	/content_26217909892	KFC	/rest-Chain_Restaurants-All-KFC	Chain Restaurants	/rest-Chain_Restaurants-All	5.0	2	
Jun_08_'01	Life in the cheap seats.	/content_26235997828	United Airlines	/trvl-Airlines-US_Canada-United_Airlines	Airlines	/trvl-Transportation-Airlines-All	4.0	2	
