Aug_23_'01	How to schedule classes	/content_2042142852	How to Manage Your Time	/educ-Time_Management	Education	/educ	na	3	
Aug_21_'01	The Beauty of Juliet	/content_37522083460	The Juliet Letters - Elvis Costello/Brodsky Quartet	/musc_mu-92964	Music	/musc-album	5.0	3	
Aug_21_'01	Five Iron's Evil Plan to Save my Ears	/content_37466312324	Quantity Is Job 1 [EP] - Five Iron Frenzy	/musc_mu-291599	Music	/musc-album	4.0	3	
Aug_21_'01	Raw passion: Skillet worship live	/content_37449928324	Ardent Worship: Skillet Live - Skillet	/musc_mu-399909	Music	/musc-album	4.0	3	
Aug_21_'01	To Commute or to Not Commute?	/content_2027069572	College Survival Tips	/educ-Survival_Tips	Education	/educ	na	3	
Aug_20_'01	Can the Simpsons Make Us Think?	/content_37345070724	Simpsons, The	/kifm-Network-FOX-Simpsons__The	Kids' TV Shows	/kifm-Kids_TV_Shows-All	5.0	3	
Aug_20_'01	Bookworms galore	/content_2005573764	Should I Buy Used Books?	/book-topic-All-Background_Info-Should_I_Buy_Used_Books	Books	/book	na	3	
Aug_20_'01	First semester depression	/content_2023989380	What is College Really Like?	/educ-College_Reality	Education	/educ	na	3	
Aug_20_'01	R. E. M. , Not a Raw Deal	/content_37283991172	Automatic For The People - R.E.M.	/musc_mu-135991	Music	/musc-album	5.0	3	
Aug_17_'01	ecampus saves me money for real college	/content_36776611460	ecampus.com	/webs-Web_Services-All-Merchants-ecampus_com	Online Stores & Services	/webs-Web_Services-All	4.0	3	
Aug_17_'01	Stavesacre will grab you, shake you, and make you cry	/content_36765208196	Speakeasy - Stavesacre	/musc_mu-340942	Music	/musc-album	4.0	3	
Aug_17_'01	Campus Visits:  Why you should do them	/content_2004590724	What Should I Know About Planning a Campus Visit?	/educ-Campus_Visits	Education	/educ	na	3	
Aug_17_'01	Getting Involved: Speech & Debate teams	/content_2003935364	What is College Really Like?	/educ-College_Reality	Education	/educ	na	3	
Aug_17_'01	Ben Folds Five--I love their keys	/content_36337847940	Ben Folds Five - Ben Folds Five	/musc_mu-190279	Music	/musc-album	5.0	3	
Aug_17_'01	Getting Involved: Campus Radio	/content_2003214468	What is College Really Like?	/educ-College_Reality	Education	/educ	na	3	
Aug_16_'01	Care for your students	/content_1999675524	What Should I Know About Care Packages?	/educ-Care_Packages	Education	/educ	na	3	
Aug_16_'01	McDonald's VS The Iron Chef	/content_1999544452	McDonald's vs. Other Restaurants	/rest-Chain_Restaurants-McDonalds_vs	Chain Restaurants	/rest-Chain_Restaurants-All	na	3	
Aug_16_'01	Cheapsake Monthy Promotes Frugal Living	/content_1997840516	What You Should Know About Earn Money Save Money Sites	/webs-topic-Background_Info-What_You_Should_Know-Earn_Money_Save_Money_Sites	Online Stores & Services	/webs-Web_Services-All	na	3	
Aug_16_'01	managing your time as a first semester freshman	/content_1997512836	How to Manage Your Time	/educ-Time_Management	Education	/educ	na	3	
Aug_15_'01	Radio Free Cash is bunk	/content_1992138884	What You Should Know About Earn Money Save Money Sites	/webs-topic-Background_Info-What_You_Should_Know-Earn_Money_Save_Money_Sites	Online Stores & Services	/webs-Web_Services-All	na	2	
Aug_15_'01	I use it daily	/content_36280176260	Clairol Daily Defense 4 for Dry/Damaged Hair	/beat-Hair_Care-Shampoo-All-Clairol_Daily_Defense_4_for_Dry_Damaged_Hair	Shampoo	/beat-Hair_Care-Shampoo-All	4.0	2	
Aug_14_'01	This is not your mother's worship band	/content_36156837508	Friction - Stavesacre	/musc_mu-223955	Music	/musc-album	5.0	3	
Aug_14_'01	another review of McDonalds?	/content_36128919172	McDonald's	/rest-Chain_Restaurants-All-McDonald__s	Chain Restaurants	/rest-Chain_Restaurants-All	3.0	2	
Aug_14_'01	Money for my thoughts? Sure!	/content_36117581444	Pinecone Research	/cmsw-Pinecone_Research	Generic cmsw	/generic-cmsw-All	4.0	3	
Aug_14_'01	Major in You	/content_1986437252	How Can I Succeed in College Academics?	/educ-Academics	Education	/educ	na	3	
Aug_13_'01	Don't Need to Pay Me Back	/content_35983625860	Pay It Forward	/mvie_mu-1101147	Videos & DVDs	/mvie-Video-All	3.0	2	
Aug_10_'01	Mall of America--mall down the street	/content_35477360260	Mall of America	/trvl-Dest-United_States-Minnesota-Minneapolis-Mall_of_America	Destinations	/trvl-Destinations-All	4.0	3	
Aug_10_'01	Tree63 rocks my forest	/content_35429715588	Tree 63 - Tree 63	/musc_mu-400396	Music	/musc-album	4.0	2	
Aug_09_'01	Stash tea is a cup above the rest	/content_35313323652	The Stash Tea Co. Online Store	/webs-Web_Services-All-Merchants-The_Stash_Tea_Co_	Online Stores & Services	/webs-Web_Services-All	5.0	2	
Aug_09_'01	Bethel--a rose with thorns	/content_35308277380	Bethel College (MN)	/educ-Colleges_and_Universities-All-Bethel_College_MN	Colleges & Universities	/educ-Colleges_and_Universities-All	5.0	2	
Aug_09_'01	Great service	/content_35303231108	Marriott	/lodg-Accommodations-Hotel_Chains-All-Marriott	Hotels & Resorts	/lodg-Hotels-All	5.0	3	
Aug_09_'01	Barrage redefines music	/content_35299954308	Barrage - Barrage	/musc_mu-399307	Music	/musc-album	4.0	3	
Aug_01_'01	Fresh new sounds	/content_34112376452	Dust - Sup The Chemist	/musc_mu-348330	Music	/musc-album	3.0	2	
Aug_01_'01	Flashback to the 80s (but in a good way)	/content_34111393412	Bombs Over Broadway - Squad Five O	/musc_mu-382926	Music	/musc-album	4.0	2	
Aug_01_'01	Skillet sizzles	/content_34110410372	Invincible - Skillet	/musc_mu-348369	Music	/musc-album	5.0	2	
Aug_01_'01	Quirky and fun, the Other boy band	/content_34109820548	Relient K - Relient K	/musc_mu-367295	Music	/musc-album	4.0	2	
Aug_01_'01	Pillar stands Above the rest	/content_34108509828	Above - Pillar	/musc_mu-399906	Music	/musc-album	4.0	2	
Aug_01_'01	This CD found a place on my shelf collecting dust	/content_34106740356	Found A Place - FFH	/musc_mu-353928	Music	/musc-album	2.0	2	
Aug_01_'01	Bleach is squeaky clean	/content_34105233028	Bleach - Bleach (Christian)	/musc_mu-338914	Music	/musc-album	4.0	2	
Aug_01_'01	Bluegrass and Homer	/content_34097958532	O Brother, Where Art Thou?	/mvie_mu-1102021	Videos & DVDs	/mvie-Video-All	5.0	2	
Aug_01_'01	Earthsuit is Superior	/content_34103725700	Kaleidoscope Superior - Earthsuit	/musc_mu-376361	Music	/musc-album	5.0	3	
Aug_01_'01	No Smash Hit	/content_34103201412	Smash Hits - All Star United	/musc_mu-372062	Music	/musc-album	3.0	3	
Aug_01_'01	The Normals are anything but normal	/content_34101759620	Coming To Life - The Normals (Christian)	/musc_mu-376398	Music	/musc-album	5.0	3	
