Oct_11_'01	Naturaly light and cheap	/content_39030591108	Natural Light	/fddk-Beers-By_Name-All-Natural_Light	Beers	/fddk-Beers-All	3.0	3	
Aug_28_'01	Dave's Addiction: Mr. Navarro shoots up the sound	/content_37557866116	Trust No One - Dave Navarro	/musc_mu-415543	Music	/musc-album	4.0	2	
Aug_21_'01	Sonic boom.... burgers and a lot more	/content_37354376836	Sonic	/rest-Chain_Restaurants-All-Sonic	Chain Restaurants	/rest-Chain_Restaurants-All	4.0	3	
Aug_20_'01	These Beautiful Creatures Can Rock!	/content_36925968004	Beautiful Creatures - Beautiful Creatures	/musc_mu-427951	Music	/musc-album	4.0	3	
Aug_16_'01	Cuisinart CPT-60.... the Lexus of toasters	/content_36577775236	Cuisinart Custom Control Total Touch 2-Slice Electronic Toaster CPT-60	/hmgd-Toasters-Cuisinart-Custom_Control_Total_Touch_2-Slice_Electronic_Toaster	Small Appliances	/hmgd-Small_Appliances-All	5.0	3	
Aug_15_'01	Macaroni Grill... italian food as it should be	/content_36352265860	Romano's Macaroni Grill	/rest-Chain_Restaurants-All-Romano__s_Macaroni_Grill	Chain Restaurants	/rest-Chain_Restaurants-All	5.0	2	
Aug_15_'01	Togo's... heaven on bread	/content_36314582660	Togo's	/rest-Chain_Restaurants-All-Togo__s	Chain Restaurants	/rest-Chain_Restaurants-All	5.0	3	
Aug_14_'01	Wienie Hut... cheap dogs and cool place to eat	/content_36182920836	Wienerschnitzel	/rest-Chain_Restaurants-All-Wienerschnitzel	Chain Restaurants	/rest-Chain_Restaurants-All	4.0	3	
Aug_14_'01	Olive Garden, not your father's italian eatery	/content_36169092740	Olive Garden	/rest-Restaurants-All-Olive_Garden	Restaurants	/rest-Restaurants-All	2.0	3	
Aug_13_'01	Drowning Pool Floats To The Top	/content_35997978244	Sinner - Drowning Pool	/musc_mu-415442	Music	/musc-album	4.0	3	
Aug_13_'01	It's "Pie" time for another movie	/content_35975958148	American Pie 2	/mvie_mu-1109236	Videos & DVDs	/mvie-Video-All	4.0	3	
Jul_30_'01	"Planet" Hollywood	/content_33787514500	Planet of the Apes	/mvie_mu-1108704	Videos & DVDs	/mvie-Video-All	5.0	3	
Jun_28_'00	Sony's Budget DVD player	/elec-review-B3F-685364F-395A21D3-prod1	Sony DVP-S360	/elec-Sony_DVP_S360	Generic elec	/generic-elec-All	4.0	3	
